source,target,status
https://car2buy.co.il/%d7%91%d7%9c%d7%95%d7%92/,https://car2buy.co.il/magazine.html,301
https://car2buy.co.il/%d7%92%d7%99%d7%a4-%d7%a8%d7%95%d7%91%d7%99%d7%a7%d7%95%d7%9f/,https://car2buy.co.il/brand.html?brand=%D7%92%D7%B3%D7%99%D7%A4,301
https://car2buy.co.il/%d7%93%d7%a3-%d7%a0%d7%97%d7%99%d7%aa%d7%94-tesla/,https://car2buy.co.il/brands.html,301
https://car2buy.co.il/%d7%98%d7%a1%d7%9c%d7%94-3-2/,https://car2buy.co.il/brand.html?brand=%D7%98%D7%A1%D7%9C%D7%94,301
https://car2buy.co.il/%d7%98%d7%a1%d7%9c%d7%94-3/,https://car2buy.co.il/brand.html?brand=%D7%98%D7%A1%D7%9C%D7%94,301
https://car2buy.co.il/%d7%98%d7%a8%d7%99%d7%99%d7%93-%d7%90%d7%99%d7%9f-%d7%91%d7%9e%d7%95%d7%95-x5/,https://car2buy.co.il/trade-in.html,301
https://car2buy.co.il/%d7%98%d7%a8%d7%99%d7%99%d7%93-%d7%90%d7%99%d7%9f-%d7%9e%d7%90%d7%96%d7%93%d7%94-3/,https://car2buy.co.il/trade-in.html,301
https://car2buy.co.il/%d7%98%d7%a8%d7%99%d7%99%d7%93-%d7%90%d7%99%d7%9f-%d7%9e%d7%90%d7%96%d7%93%d7%94-cx5-2/,https://car2buy.co.il/trade-in.html,301
https://car2buy.co.il/%d7%98%d7%a8%d7%99%d7%99%d7%93-%d7%90%d7%99%d7%9f-%d7%a0%d7%99%d7%a1%d7%90%d7%9f-%d7%a7%d7%a9%d7%a7%d7%90%d7%99/,https://car2buy.co.il/trade-in.html,301
https://car2buy.co.il/%d7%98%d7%a8%d7%99%d7%99%d7%93-%d7%90%d7%99%d7%9f-%d7%a4%d7%95%d7%a8%d7%a9-%d7%a4%d7%a0%d7%9e%d7%a8%d7%94-4/,https://car2buy.co.il/trade-in.html,301
https://car2buy.co.il/%d7%98%d7%a8%d7%99%d7%99%d7%93-%d7%90%d7%99%d7%9f-%d7%a7%d7%95%d7%a4%d7%a8%d7%94-%d7%a4%d7%95%d7%a8%d7%9e%d7%a0%d7%98%d7%95%d7%a8/,https://car2buy.co.il/trade-in.html,301
https://car2buy.co.il/%d7%98%d7%a8%d7%99%d7%99%d7%93-%d7%90%d7%99%d7%9f-%d7%a7%d7%99%d7%94-%d7%a1%d7%a4%d7%95%d7%a8%d7%98%d7%90%d7%96/,https://car2buy.co.il/trade-in.html,301
https://car2buy.co.il/%d7%9e%d7%94-%d7%97%d7%a9%d7%95%d7%91-%d7%9c%d7%91%d7%a8%d7%a8-%d7%9c%d7%a4%d7%a0%d7%99-%d7%a9%d7%a8%d7%95%d7%9b%d7%a9%d7%99%d7%9d-%d7%a8%d7%9b%d7%91-%d7%97%d7%a9%d7%9e%d7%9c%d7%99-%d7%95%d7%90%d7%99/,https://car2buy.co.il/models.html,301
https://car2buy.co.il/%d7%9e%d7%99%d7%9e%d7%95%d7%9f-%d7%9c%d7%a8%d7%9b%d7%91-%d7%97%d7%93%d7%a9/,https://car2buy.co.il/car-loan.html,301
https://car2buy.co.il/%d7%a0%d7%92%d7%99%d7%a9%d7%95%d7%aa/,https://car2buy.co.il/,301
https://car2buy.co.il/%d7%a1%d7%a7%d7%95%d7%93%d7%94-%d7%a1%d7%95%d7%a4%d7%a8%d7%91-%d7%91%d7%96-%d7%98%d7%a8%d7%99%d7%99%d7%93-%d7%90%d7%99%d7%9f/,https://car2buy.co.il/trade-in.html,301
https://car2buy.co.il/5-%d7%93%d7%a8%d7%9b%d7%99%d7%9d-%d7%9c%d7%a9%d7%a4%d7%a8-%d7%90%d7%aa-%d7%94%d7%a0%d7%a1%d7%99%d7%a2%d7%94-%d7%94%d7%91%d7%90%d7%94-%d7%a9%d7%9c%d7%9b%d7%9d/,https://car2buy.co.il/models.html,301
https://car2buy.co.il/8-%d7%94%d7%9e%d7%99%d7%aa%d7%95%d7%a1%d7%99%d7%9d-%d7%94%d7%92%d7%93%d7%95%d7%9c%d7%99%d7%9d-%d7%a9%d7%9b%d7%93%d7%90%d7%99-%d7%9c%d7%a0%d7%a4%d7%a5-%d7%9c%d7%a4%d7%a0%d7%99-%d7%a9%d7%a8%d7%95%d7%9b/,https://car2buy.co.il/models.html,301
https://car2buy.co.il/about/,https://car2buy.co.il/about.html,301
https://car2buy.co.il/all-chery-tiggo-7-pro-8-pro-fx/,https://car2buy.co.il/brand.html?brand=%D7%A6'%D7%A8%D7%99,301
https://car2buy.co.il/bmw-z4/,https://car2buy.co.il/brand.html?brand=%D7%91.%D7%9E.%D7%95%D7%95,301
https://car2buy.co.il/byd-atto-3-2/,https://car2buy.co.il/brand.html?brand=%D7%91.%D7%99.%D7%93,301
https://car2buy.co.il/byd-atto-3-rishon/,https://car2buy.co.il/brand.html?brand=%D7%91.%D7%99.%D7%93,301
https://car2buy.co.il/byd-atto-3/,https://car2buy.co.il/brand.html?brand=%D7%91.%D7%99.%D7%93,301
https://car2buy.co.il/byd-dolphin-2/,https://car2buy.co.il/brand.html?brand=%D7%91.%D7%99.%D7%93,301
https://car2buy.co.il/byd-dolphin-rishon/,https://car2buy.co.il/brand.html?brand=%D7%91.%D7%99.%D7%93,301
https://car2buy.co.il/byd-dolphin/,https://car2buy.co.il/brand.html?brand=%D7%91.%D7%99.%D7%93,301
https://car2buy.co.il/byd-han-2/,https://car2buy.co.il/brand.html?brand=%D7%91.%D7%99.%D7%93,301
https://car2buy.co.il/byd-han-rishon/,https://car2buy.co.il/brand.html?brand=%D7%91.%D7%99.%D7%93,301
https://car2buy.co.il/byd-han/,https://car2buy.co.il/brand.html?brand=%D7%91.%D7%99.%D7%93,301
https://car2buy.co.il/byd-seal-2/,https://car2buy.co.il/brand.html?brand=%D7%91.%D7%99.%D7%93,301
https://car2buy.co.il/byd-seal-rishon/,https://car2buy.co.il/brand.html?brand=%D7%91.%D7%99.%D7%93,301
https://car2buy.co.il/byd-seal-u-ev-rishon/,https://car2buy.co.il/brand.html?brand=%D7%91.%D7%99.%D7%93,301
https://car2buy.co.il/byd-seal-u-ev/,https://car2buy.co.il/brand.html?brand=%D7%91.%D7%99.%D7%93,301
https://car2buy.co.il/byd-seal/,https://car2buy.co.il/brand.html?brand=%D7%91.%D7%99.%D7%93,301
https://car2buy.co.il/byd-tang-2/,https://car2buy.co.il/brand.html?brand=%D7%91.%D7%99.%D7%93,301
https://car2buy.co.il/byd-tang-2024-5-rishon/,https://car2buy.co.il/brand.html?brand=%D7%91.%D7%99.%D7%93,301
https://car2buy.co.il/byd-tang-2024-5/,https://car2buy.co.il/brand.html?brand=%D7%91.%D7%99.%D7%93,301
https://car2buy.co.il/byd-tang/,https://car2buy.co.il/brand.html?brand=%D7%91.%D7%99.%D7%93,301
https://car2buy.co.il/car-catalog/,https://car2buy.co.il/models.html,301
https://car2buy.co.il/car-catalog/%d7%90%d7%90%d7%95%d7%93%d7%99-q5-%d7%a1%d7%a4%d7%95%d7%a8%d7%98%d7%91%d7%a7/,https://car2buy.co.il/models.html,301
https://car2buy.co.il/car-catalog/%d7%90%d7%90%d7%95%d7%93%d7%99-s3/,https://car2buy.co.il/models.html,301
https://car2buy.co.il/car-catalog/%d7%90%d7%95%d7%95%d7%a0%d7%92%d7%a8/,https://car2buy.co.il/models.html,301
https://car2buy.co.il/car-catalog/%d7%90%d7%95%d7%a7%d7%98%d7%91%d7%99%d7%94/,https://car2buy.co.il/models.html,301
https://car2buy.co.il/car-catalog/%d7%90%d7%98%d7%a7%d7%94/,https://car2buy.co.il/models.html,301
https://car2buy.co.il/car-catalog/%d7%90%d7%99%d7%99%d7%a1%d7%9e%d7%9f/,https://car2buy.co.il/models.html,301
https://car2buy.co.il/car-catalog/%d7%90%d7%a0%d7%99%d7%90%d7%a7-%d7%a7%d7%95%d7%a4%d7%94/,https://car2buy.co.il/models.html,301
https://car2buy.co.il/car-catalog/%d7%90%d7%a7%d7%9c%d7%99%d7%a4%d7%a1-%d7%a7%d7%a8%d7%95%d7%a1/,https://car2buy.co.il/models.html,301
https://car2buy.co.il/car-catalog/%d7%90%d7%a8%d7%99%d7%96%d7%95-8/,https://car2buy.co.il/models.html,301
https://car2buy.co.il/car-catalog/%d7%91%d7%95%d7%a7%d7%a1/,https://car2buy.co.il/models.html,301
https://car2buy.co.il/car-catalog/%d7%94%d7%99%d7%99%d7%9c%d7%a0%d7%93%d7%a8/,https://car2buy.co.il/models.html,301
https://car2buy.co.il/car-catalog/%d7%94%d7%99%d7%99%d7%9c%d7%a7%d7%a1/,https://car2buy.co.il/models.html,301
https://car2buy.co.il/car-catalog/%d7%95%d7%95%d7%9c%d7%95%d7%95-ex30/,https://car2buy.co.il/models.html,301
https://car2buy.co.il/car-catalog/%d7%96%d7%99%d7%a7%d7%a8-001/,https://car2buy.co.il/models.html,301
https://car2buy.co.il/car-catalog/%d7%96%d7%99%d7%a7%d7%a8-x/,https://car2buy.co.il/models.html,301
https://car2buy.co.il/car-catalog/%d7%98%d7%95%d7%95%d7%a1%d7%a7%d7%90%d7%9f/,https://car2buy.co.il/models.html,301
https://car2buy.co.il/car-catalog/%d7%98%d7%95%d7%99%d7%95%d7%98%d7%94-%d7%a7%d7%95%d7%a8%d7%95%d7%9c%d7%94-%d7%a7%d7%a8%d7%95%d7%a1/,https://car2buy.co.il/models.html,301
https://car2buy.co.il/car-catalog/%d7%98%d7%95%d7%a1%d7%95%d7%9f/,https://car2buy.co.il/models.html,301
https://car2buy.co.il/car-catalog/%d7%98%d7%95%d7%a8%d7%a1/,https://car2buy.co.il/models.html,301
https://car2buy.co.il/car-catalog/%d7%98%d7%99%d7%91%d7%95%d7%9c%d7%99-2/,https://car2buy.co.il/models.html,301
https://car2buy.co.il/car-catalog/%d7%98%d7%99%d7%92%d7%95-4-%d7%a4%d7%a8%d7%95/,https://car2buy.co.il/models.html,301
https://car2buy.co.il/car-catalog/%d7%98%d7%99%d7%92%d7%95-7-%d7%a4%d7%a8%d7%95/,https://car2buy.co.il/models.html,301
https://car2buy.co.il/car-catalog/%d7%98%d7%99%d7%92%d7%95-8-%d7%a4%d7%a8%d7%95/,https://car2buy.co.il/models.html,301
https://car2buy.co.il/car-catalog/%d7%98%d7%a1%d7%9c%d7%94-y-2/,https://car2buy.co.il/models.html,301
https://car2buy.co.il/car-catalog/%d7%98%d7%a1%d7%9c%d7%94/,https://car2buy.co.il/models.html,301
https://car2buy.co.il/car-catalog/%d7%98%d7%a8%d7%90%d7%a7%d7%a1/,https://car2buy.co.il/models.html,301
https://car2buy.co.il/car-catalog/%d7%98%d7%a8%d7%99%d7%99%d7%9c%d7%91%d7%9c%d7%99%d7%99%d7%96%d7%a8/,https://car2buy.co.il/models.html,301
https://car2buy.co.il/car-catalog/%d7%99%d7%90%d7%a8%d7%99%d7%a1-%d7%a7%d7%a8%d7%95%d7%a1/,https://car2buy.co.il/models.html,301
https://car2buy.co.il/car-catalog/%d7%99%d7%90%d7%a8%d7%99%d7%a1/,https://car2buy.co.il/models.html,301
https://car2buy.co.il/car-catalog/%d7%99%d7%95%d7%a0%d7%93%d7%90%d7%99-%d7%90%d7%99%d7%95%d7%a0%d7%99%d7%a7-6/,https://car2buy.co.il/models.html,301
https://car2buy.co.il/car-catalog/%d7%9c%d7%90%d7%95%d7%9f/,https://car2buy.co.il/models.html,301
https://car2buy.co.il/car-catalog/%d7%9c%d7%a0%d7%93-%d7%a7%d7%a8%d7%95%d7%96%d7%a8/,https://car2buy.co.il/models.html,301
https://car2buy.co.il/car-catalog/%d7%9e%d7%90%d7%9c%d7%99%d7%91%d7%95/,https://car2buy.co.il/models.html,301
https://car2buy.co.il/car-catalog/%d7%9e%d7%95%d7%a1%d7%95/,https://car2buy.co.il/models.html,301
https://car2buy.co.il/car-catalog/%d7%9e%d7%a8%d7%a6%d7%93%d7%a1-eqb/,https://car2buy.co.il/models.html,301
https://car2buy.co.il/car-catalog/%d7%a0%d7%99%d7%a8%d7%95-%d7%a4%d7%9c%d7%95%d7%a1/,https://car2buy.co.il/models.html,301
https://car2buy.co.il/car-catalog/%d7%a0%d7%99%d7%a8%d7%95-ev/,https://car2buy.co.il/models.html,301
https://car2buy.co.il/car-catalog/%d7%a1%d7%93%d7%a8%d7%94-2-%d7%92%d7%a8%d7%90%d7%9f-%d7%a7%d7%95%d7%a4%d7%94/,https://car2buy.co.il/models.html,301
https://car2buy.co.il/car-catalog/%d7%a1%d7%93%d7%a8%d7%94-4-%d7%92%d7%a8%d7%90%d7%9f-%d7%a7%d7%95%d7%a4%d7%94/,https://car2buy.co.il/models.html,301
https://car2buy.co.il/car-catalog/%d7%a1%d7%93%d7%a8%d7%94-4/,https://car2buy.co.il/models.html,301
https://car2buy.co.il/car-catalog/%d7%a1%d7%93%d7%a8%d7%94-5/,https://car2buy.co.il/models.html,301
https://car2buy.co.il/car-catalog/%d7%a1%d7%95%d7%95%d7%90%d7%a0%d7%94/,https://car2buy.co.il/models.html,301
https://car2buy.co.il/car-catalog/%d7%a1%d7%95%d7%a0%d7%98%d7%94/,https://car2buy.co.il/models.html,301
https://car2buy.co.il/car-catalog/%d7%a1%d7%95%d7%a4%d7%a8%d7%91/,https://car2buy.co.il/models.html,301
https://car2buy.co.il/car-catalog/%d7%a1%d7%98%d7%90%d7%a8%d7%99%d7%94/,https://car2buy.co.il/models.html,301
https://car2buy.co.il/car-catalog/%d7%a1%d7%98%d7%95%d7%a0%d7%99%d7%a7/,https://car2buy.co.il/models.html,301
https://car2buy.co.il/car-catalog/%d7%a1%d7%99%d7%98%d7%99/,https://car2buy.co.il/models.html,301
https://car2buy.co.il/car-catalog/%d7%a1%d7%9e%d7%90%d7%a8%d7%98-1/,https://car2buy.co.il/brand.html?brand=%D7%A1%D7%9E%D7%90%D7%A8%D7%98,301
https://car2buy.co.il/car-catalog/%d7%a1%d7%a7%d7%95%d7%93%d7%94-%d7%a1%d7%a7%d7%90%d7%9c%d7%94/,https://car2buy.co.il/models.html,301
https://car2buy.co.il/car-catalog/%d7%a1%d7%a7%d7%95%d7%93%d7%94-%d7%a7%d7%90%d7%9e%d7%99%d7%a7/,https://car2buy.co.il/models.html,301
https://car2buy.co.il/car-catalog/%d7%a1%d7%a7%d7%95%d7%93%d7%94-%d7%a7%d7%90%d7%a8%d7%95%d7%a7/,https://car2buy.co.il/models.html,301
https://car2buy.co.il/car-catalog/%d7%a1%d7%a7%d7%95%d7%93%d7%94-%d7%a7%d7%95%d7%93%d7%99%d7%90%d7%a7/,https://car2buy.co.il/models.html,301
https://car2buy.co.il/car-catalog/%d7%a1%d7%a8%d7%a1-m5/,https://car2buy.co.il/brands.html,301
https://car2buy.co.il/car-catalog/%d7%a4%d7%90%d7%91%d7%99%d7%94/,https://car2buy.co.il/models.html,301
https://car2buy.co.il/car-catalog/%d7%a4%d7%90%d7%a0%d7%a7%d7%99-%d7%a7%d7%90%d7%98-3/,https://car2buy.co.il/models.html,301
https://car2buy.co.il/car-catalog/%d7%a4%d7%95%d7%a8%d7%9e%d7%a0%d7%98%d7%95%d7%a8/,https://car2buy.co.il/models.html,301
https://car2buy.co.il/car-catalog/%d7%a4%d7%a8%d7%95%d7%90%d7%99%d7%99%d7%a1/,https://car2buy.co.il/models.html,301
https://car2buy.co.il/car-catalog/%d7%a6%d7%a8%d7%99-fx-ev/,https://car2buy.co.il/brand.html?brand=%D7%A6%D7%B3%D7%A8%D7%99,301
https://car2buy.co.il/car-catalog/%d7%a7%d7%90%d7%9e%d7%a8%d7%99/,https://car2buy.co.il/models.html,301
https://car2buy.co.il/car-catalog/%d7%a7%d7%90%d7%a0%d7%98%d7%a8%d7%99%d7%9e%d7%9f/,https://car2buy.co.il/models.html,301
https://car2buy.co.il/car-catalog/%d7%a7%d7%95%d7%9c%d7%95%d7%a8%d7%93%d7%95/,https://car2buy.co.il/models.html,301
https://car2buy.co.il/car-catalog/%d7%a7%d7%95%d7%9e%d7%a4%d7%90%d7%a1/,https://car2buy.co.il/models.html,301
https://car2buy.co.il/car-catalog/%d7%a7%d7%95%d7%a0%d7%94/,https://car2buy.co.il/models.html,301
https://car2buy.co.il/car-catalog/%d7%a7%d7%95%d7%a4%d7%a8-%d7%a7%d7%91%d7%a8%d7%99%d7%95%d7%9c%d7%94/,https://car2buy.co.il/models.html,301
https://car2buy.co.il/car-catalog/%d7%a7%d7%95%d7%a4%d7%a8/,https://car2buy.co.il/models.html,301
https://car2buy.co.il/car-catalog/%d7%a7%d7%95%d7%a8%d7%95%d7%9c%d7%94/,https://car2buy.co.il/models.html,301
https://car2buy.co.il/car-catalog/%d7%a7%d7%99%d7%94-%d7%a0%d7%99%d7%a8%d7%95/,https://car2buy.co.il/models.html,301
https://car2buy.co.il/car-catalog/%d7%a7%d7%99%d7%94-%d7%a1%d7%a4%d7%95%d7%a8%d7%98%d7%90%d7%96/,https://car2buy.co.il/models.html,301
https://car2buy.co.il/car-catalog/%d7%a7%d7%99%d7%94-%d7%a4%d7%99%d7%a7%d7%a0%d7%98%d7%95/,https://car2buy.co.il/models.html,301
https://car2buy.co.il/car-catalog/%d7%a8%d7%a7%d7%a1%d7%98%d7%95%d7%9f-2wd/,https://car2buy.co.il/models.html,301
https://car2buy.co.il/car-catalog/01-2/,https://car2buy.co.il/models.html,301
https://car2buy.co.il/car-catalog/02-2/,https://car2buy.co.il/models.html,301
https://car2buy.co.il/car-catalog/1-series-2/,https://car2buy.co.il/models.html,301
https://car2buy.co.il/car-catalog/1-series/,https://car2buy.co.il/models.html,301
https://car2buy.co.il/car-catalog/14490-2/,https://car2buy.co.il/models.html,301
https://car2buy.co.il/car-catalog/14492-2/,https://car2buy.co.il/models.html,301
https://car2buy.co.il/car-catalog/14709-2/,https://car2buy.co.il/models.html,301
https://car2buy.co.il/car-catalog/2-grand-coupe-2/,https://car2buy.co.il/models.html,301
https://car2buy.co.il/car-catalog/2-grand-coupe/,https://car2buy.co.il/models.html,301
https://car2buy.co.il/car-catalog/2500-2/,https://car2buy.co.il/models.html,301
https://car2buy.co.il/car-catalog/3-2/,https://car2buy.co.il/models.html,301
https://car2buy.co.il/car-catalog/3-3-2/,https://car2buy.co.il/models.html,301
https://car2buy.co.il/car-catalog/3500-2/,https://car2buy.co.il/models.html,301
https://car2buy.co.il/car-catalog/7-2-2/,https://car2buy.co.il/models.html,301
https://car2buy.co.il/car-catalog/audi-a1-2/,https://car2buy.co.il/brand.html?brand=%D7%90%D7%90%D7%95%D7%93%D7%99,301
https://car2buy.co.il/car-catalog/audi-a3-hatchback-2/,https://car2buy.co.il/brand.html?brand=%D7%90%D7%90%D7%95%D7%93%D7%99,301
https://car2buy.co.il/car-catalog/audi-a3-sedan-2/,https://car2buy.co.il/brand.html?brand=%D7%90%D7%90%D7%95%D7%93%D7%99,301
https://car2buy.co.il/car-catalog/audi-a4-2/,https://car2buy.co.il/brand.html?brand=%D7%90%D7%90%D7%95%D7%93%D7%99,301
https://car2buy.co.il/car-catalog/audi-q2-2/,https://car2buy.co.il/brand.html?brand=%D7%90%D7%90%D7%95%D7%93%D7%99,301
https://car2buy.co.il/car-catalog/audi-q3-2/,https://car2buy.co.il/brand.html?brand=%D7%90%D7%90%D7%95%D7%93%D7%99,301
https://car2buy.co.il/car-catalog/audi-q3-sportback-2/,https://car2buy.co.il/brand.html?brand=%D7%90%D7%90%D7%95%D7%93%D7%99,301
https://car2buy.co.il/car-catalog/audi-q4-e-tron-2/,https://car2buy.co.il/brand.html?brand=%D7%90%D7%90%D7%95%D7%93%D7%99,301
https://car2buy.co.il/car-catalog/audi-q5-2/,https://car2buy.co.il/brand.html?brand=%D7%90%D7%90%D7%95%D7%93%D7%99,301
https://car2buy.co.il/car-catalog/byd-%d7%93%d7%95%d7%9c%d7%a4%d7%99%d7%9f-%d7%a1%d7%a8%d7%a3/,https://car2buy.co.il/brand.html?brand=%D7%91.%D7%99.%D7%93,301
https://car2buy.co.il/car-catalog/byd-%d7%a1%d7%99%d7%9c-u/,https://car2buy.co.il/brand.html?brand=%D7%91.%D7%99.%D7%93,301
https://car2buy.co.il/car-catalog/byd-atto-3/,https://car2buy.co.il/brand.html?brand=%D7%91.%D7%99.%D7%93,301
https://car2buy.co.il/car-catalog/byd-dolphin/,https://car2buy.co.il/brand.html?brand=%D7%91.%D7%99.%D7%93,301
https://car2buy.co.il/car-catalog/byd-seal-2/,https://car2buy.co.il/brand.html?brand=%D7%91.%D7%99.%D7%93,301
https://car2buy.co.il/car-catalog/byd-seal-u/,https://car2buy.co.il/brand.html?brand=%D7%91.%D7%99.%D7%93,301
https://car2buy.co.il/car-catalog/byd-tang/,https://car2buy.co.il/brand.html?brand=%D7%91.%D7%99.%D7%93,301
https://car2buy.co.il/car-catalog/c10/,https://car2buy.co.il/models.html,301
https://car2buy.co.il/car-catalog/c40/,https://car2buy.co.il/models.html,301
https://car2buy.co.il/car-catalog/citroen-berlingo/,https://car2buy.co.il/brand.html?brand=%D7%A1%D7%99%D7%98%D7%A8%D7%95%D7%90%D7%9F,301
https://car2buy.co.il/car-catalog/citroen-c3/,https://car2buy.co.il/brand.html?brand=%D7%A1%D7%99%D7%98%D7%A8%D7%95%D7%90%D7%9F,301
https://car2buy.co.il/car-catalog/citroen-c4/,https://car2buy.co.il/brand.html?brand=%D7%A1%D7%99%D7%98%D7%A8%D7%95%D7%90%D7%9F,301
https://car2buy.co.il/car-catalog/citroen-c5/,https://car2buy.co.il/brand.html?brand=%D7%A1%D7%99%D7%98%D7%A8%D7%95%D7%90%D7%9F,301
https://car2buy.co.il/car-catalog/class-v/,https://car2buy.co.il/models.html,301
https://car2buy.co.il/car-catalog/cyberster/,https://car2buy.co.il/models.html,301
https://car2buy.co.il/car-catalog/dacia-duster/,https://car2buy.co.il/brand.html?brand=%D7%93%D7%90%D7%A6%D7%B3%D7%99%D7%94,301
https://car2buy.co.il/car-catalog/dacia-lodgy/,https://car2buy.co.il/brand.html?brand=%D7%93%D7%90%D7%A6%D7%B3%D7%99%D7%94,301
https://car2buy.co.il/car-catalog/deepal-s07/,https://car2buy.co.il/models.html,301
https://car2buy.co.il/car-catalog/eh7/,https://car2buy.co.il/models.html,301
https://car2buy.co.il/car-catalog/ehs7/,https://car2buy.co.il/models.html,301
https://car2buy.co.il/car-catalog/el6/,https://car2buy.co.il/models.html,301
https://car2buy.co.il/car-catalog/esh-9-2/,https://car2buy.co.il/models.html,301
https://car2buy.co.il/car-catalog/esh-9/,https://car2buy.co.il/models.html,301
https://car2buy.co.il/car-catalog/et5-2/,https://car2buy.co.il/models.html,301
https://car2buy.co.il/car-catalog/et5/,https://car2buy.co.il/models.html,301
https://car2buy.co.il/car-catalog/ev6/,https://car2buy.co.il/models.html,301
https://car2buy.co.il/car-catalog/ev9/,https://car2buy.co.il/models.html,301
https://car2buy.co.il/car-catalog/ex5/,https://car2buy.co.il/models.html,301
https://car2buy.co.il/car-catalog/fridey-forthing/,https://car2buy.co.il/brands.html,301
https://car2buy.co.il/car-catalog/g80/,https://car2buy.co.il/models.html,301
https://car2buy.co.il/car-catalog/gili-geometry-c-2/,https://car2buy.co.il/models.html,301
https://car2buy.co.il/car-catalog/gili-geometry-c/,https://car2buy.co.il/models.html,301
https://car2buy.co.il/car-catalog/glc-%d7%a7%d7%95%d7%a4%d7%94/,https://car2buy.co.il/models.html,301
https://car2buy.co.il/car-catalog/gv60/,https://car2buy.co.il/models.html,301
https://car2buy.co.il/car-catalog/gv70/,https://car2buy.co.il/models.html,301
https://car2buy.co.il/car-catalog/honda-civic/,https://car2buy.co.il/brand.html?brand=%D7%94%D7%95%D7%A0%D7%93%D7%94,301
https://car2buy.co.il/car-catalog/honda-crv/,https://car2buy.co.il/brand.html?brand=%D7%94%D7%95%D7%A0%D7%93%D7%94,301
https://car2buy.co.il/car-catalog/honda-jazz/,https://car2buy.co.il/brand.html?brand=%D7%94%D7%95%D7%A0%D7%93%D7%94,301
https://car2buy.co.il/car-catalog/hs/,https://car2buy.co.il/models.html,301
https://car2buy.co.il/car-catalog/hyundai-accent/,https://car2buy.co.il/brand.html?brand=%D7%99%D7%95%D7%A0%D7%93%D7%90%D7%99,301
https://car2buy.co.il/car-catalog/hyundai-elantra-2/,https://car2buy.co.il/brand.html?brand=%D7%99%D7%95%D7%A0%D7%93%D7%90%D7%99,301
https://car2buy.co.il/car-catalog/hyundai-elantra/,https://car2buy.co.il/brand.html?brand=%D7%99%D7%95%D7%A0%D7%93%D7%90%D7%99,301
https://car2buy.co.il/car-catalog/hyundai-ioniq-5-2/,https://car2buy.co.il/brand.html?brand=%D7%99%D7%95%D7%A0%D7%93%D7%90%D7%99,301
https://car2buy.co.il/car-catalog/hyundai-ioniq-5/,https://car2buy.co.il/brand.html?brand=%D7%99%D7%95%D7%A0%D7%93%D7%90%D7%99,301
https://car2buy.co.il/car-catalog/hyundai-palisade/,https://car2buy.co.il/brand.html?brand=%D7%99%D7%95%D7%A0%D7%93%D7%90%D7%99,301
https://car2buy.co.il/car-catalog/hyundai-santa-fe/,https://car2buy.co.il/brand.html?brand=%D7%99%D7%95%D7%A0%D7%93%D7%90%D7%99,301
https://car2buy.co.il/car-catalog/hyundai-sonata/,https://car2buy.co.il/brand.html?brand=%D7%99%D7%95%D7%A0%D7%93%D7%90%D7%99,301
https://car2buy.co.il/car-catalog/hyundai-venue-2/,https://car2buy.co.il/brand.html?brand=%D7%99%D7%95%D7%A0%D7%93%D7%90%D7%99,301
https://car2buy.co.il/car-catalog/hyundai-venue/,https://car2buy.co.il/brand.html?brand=%D7%99%D7%95%D7%A0%D7%93%D7%90%D7%99,301
https://car2buy.co.il/car-catalog/i4/,https://car2buy.co.il/models.html,301
https://car2buy.co.il/car-catalog/infiniti-qx50/,https://car2buy.co.il/models.html,301
https://car2buy.co.il/car-catalog/isuzu-d-max/,https://car2buy.co.il/brand.html?brand=%D7%90%D7%99%D7%A1%D7%95%D7%96%D7%95,301
https://car2buy.co.il/car-catalog/ix/,https://car2buy.co.il/models.html,301
https://car2buy.co.il/car-catalog/ix1/,https://car2buy.co.il/models.html,301
https://car2buy.co.il/car-catalog/ix2/,https://car2buy.co.il/models.html,301
https://car2buy.co.il/car-catalog/ix3/,https://car2buy.co.il/models.html,301
https://car2buy.co.il/car-catalog/jaeco-7/,https://car2buy.co.il/brand.html?brand=%D7%92'%D7%90%D7%A7%D7%95,301
https://car2buy.co.il/car-catalog/jeep-grand-cherokee-2/,https://car2buy.co.il/brand.html?brand=%D7%92'%D7%99%D7%A4,301
https://car2buy.co.il/car-catalog/jeep-grand-cherokee/,https://car2buy.co.il/brand.html?brand=%D7%92'%D7%99%D7%A4,301
https://car2buy.co.il/car-catalog/jeep-wrangler-2/,https://car2buy.co.il/brand.html?brand=%D7%92'%D7%99%D7%A4,301
https://car2buy.co.il/car-catalog/jeep-wrangler/,https://car2buy.co.il/brand.html?brand=%D7%92'%D7%99%D7%A4,301
https://car2buy.co.il/car-catalog/kia-carnival/,https://car2buy.co.il/brand.html?brand=%D7%A7%D7%99%D7%94,301
https://car2buy.co.il/car-catalog/kia-ceed/,https://car2buy.co.il/brand.html?brand=%D7%A7%D7%99%D7%94,301
https://car2buy.co.il/car-catalog/kia-seltos/,https://car2buy.co.il/brand.html?brand=%D7%A7%D7%99%D7%94,301
https://car2buy.co.il/car-catalog/kia-sportage/,https://car2buy.co.il/brand.html?brand=%D7%A7%D7%99%D7%94,301
https://car2buy.co.il/car-catalog/marvel-r/,https://car2buy.co.il/models.html,301
https://car2buy.co.il/car-catalog/mercedes-a-class/,https://car2buy.co.il/brands.html,301
https://car2buy.co.il/car-catalog/mercedes-c-class/,https://car2buy.co.il/brands.html,301
https://car2buy.co.il/car-catalog/mercedes-cla-class/,https://car2buy.co.il/brands.html,301
https://car2buy.co.il/car-catalog/mercedes-eqa/,https://car2buy.co.il/brands.html,301
https://car2buy.co.il/car-catalog/mercedes-gla-class/,https://car2buy.co.il/brands.html,301
https://car2buy.co.il/car-catalog/mg-3-2/,https://car2buy.co.il/brand.html?brand=MG,301
https://car2buy.co.il/car-catalog/mg-4-2/,https://car2buy.co.il/brand.html?brand=MG,301
https://car2buy.co.il/car-catalog/mg-5-2/,https://car2buy.co.il/brand.html?brand=MG,301
https://car2buy.co.il/car-catalog/mg-ehs-phev-net-up/,https://car2buy.co.il/brand.html?brand=MG,301
https://car2buy.co.il/car-catalog/mg-zs/,https://car2buy.co.il/brand.html?brand=MG,301
https://car2buy.co.il/car-catalog/mitsubishi-asx/,https://car2buy.co.il/brand.html?brand=%D7%9E%D7%99%D7%A6%D7%95%D7%91%D7%99%D7%A9%D7%99,301
https://car2buy.co.il/car-catalog/mitsubishi-outlander/,https://car2buy.co.il/brand.html?brand=%D7%9E%D7%99%D7%A6%D7%95%D7%91%D7%99%D7%A9%D7%99,301
https://car2buy.co.il/car-catalog/nissan-juke/,https://car2buy.co.il/brand.html?brand=%D7%A0%D7%99%D7%A1%D7%90%D7%9F,301
https://car2buy.co.il/car-catalog/nissan-qashqai/,https://car2buy.co.il/brand.html?brand=%D7%A0%D7%99%D7%A1%D7%90%D7%9F,301
https://car2buy.co.il/car-catalog/nissan-sentra/,https://car2buy.co.il/brand.html?brand=%D7%A0%D7%99%D7%A1%D7%90%D7%9F,301
https://car2buy.co.il/car-catalog/nissan-x-trail/,https://car2buy.co.il/brand.html?brand=%D7%A0%D7%99%D7%A1%D7%90%D7%9F,301
https://car2buy.co.il/car-catalog/peugeot-2008/,https://car2buy.co.il/brand.html?brand=%D7%A4%D7%99%D7%92%D7%B3%D7%95,301
https://car2buy.co.il/car-catalog/peugeot-208/,https://car2buy.co.il/brand.html?brand=%D7%A4%D7%99%D7%92%D7%B3%D7%95,301
https://car2buy.co.il/car-catalog/peugeot-3008/,https://car2buy.co.il/brand.html?brand=%D7%A4%D7%99%D7%92%D7%B3%D7%95,301
https://car2buy.co.il/car-catalog/peugeot-5008/,https://car2buy.co.il/brand.html?brand=%D7%A4%D7%99%D7%92%D7%B3%D7%95,301
https://car2buy.co.il/car-catalog/s-cross/,https://car2buy.co.il/models.html,301
https://car2buy.co.il/car-catalog/seal-05/,https://car2buy.co.il/models.html,301
https://car2buy.co.il/car-catalog/sealion-7/,https://car2buy.co.il/models.html,301
https://car2buy.co.il/car-catalog/seat-arona/,https://car2buy.co.il/brand.html?brand=%D7%A1%D7%99%D7%90%D7%98,301
https://car2buy.co.il/car-catalog/seat-ateca/,https://car2buy.co.il/brand.html?brand=%D7%A1%D7%99%D7%90%D7%98,301
https://car2buy.co.il/car-catalog/seat-ibiza/,https://car2buy.co.il/brand.html?brand=%D7%A1%D7%99%D7%90%D7%98,301
https://car2buy.co.il/car-catalog/seat-leon/,https://car2buy.co.il/brand.html?brand=%D7%A1%D7%99%D7%90%D7%98,301
https://car2buy.co.il/car-catalog/seres-m5/,https://car2buy.co.il/brands.html,301
https://car2buy.co.il/car-catalog/seres/,https://car2buy.co.il/brands.html,301
https://car2buy.co.il/car-catalog/series-3-2/,https://car2buy.co.il/models.html,301
https://car2buy.co.il/car-catalog/series-3/,https://car2buy.co.il/models.html,301
https://car2buy.co.il/car-catalog/silverado-ev-2/,https://car2buy.co.il/models.html,301
https://car2buy.co.il/car-catalog/silverado-ev/,https://car2buy.co.il/models.html,301
https://car2buy.co.il/car-catalog/skoda-enyaq-2/,https://car2buy.co.il/brand.html?brand=%D7%A1%D7%A7%D7%95%D7%93%D7%94,301
https://car2buy.co.il/car-catalog/skoda-enyaq/,https://car2buy.co.il/brand.html?brand=%D7%A1%D7%A7%D7%95%D7%93%D7%94,301
https://car2buy.co.il/car-catalog/skoda-superb/,https://car2buy.co.il/brand.html?brand=%D7%A1%D7%A7%D7%95%D7%93%D7%94,301
https://car2buy.co.il/car-catalog/subaru-evoltis/,https://car2buy.co.il/brand.html?brand=%D7%A1%D7%95%D7%91%D7%90%D7%A8%D7%95,301
https://car2buy.co.il/car-catalog/subaru-forester/,https://car2buy.co.il/brand.html?brand=%D7%A1%D7%95%D7%91%D7%90%D7%A8%D7%95,301
https://car2buy.co.il/car-catalog/subaru-outback/,https://car2buy.co.il/brand.html?brand=%D7%A1%D7%95%D7%91%D7%90%D7%A8%D7%95,301
https://car2buy.co.il/car-catalog/subaru-xv/,https://car2buy.co.il/brand.html?brand=%D7%A1%D7%95%D7%91%D7%90%D7%A8%D7%95,301
https://car2buy.co.il/car-catalog/suzuki-ignis/,https://car2buy.co.il/brand.html?brand=%D7%A1%D7%95%D7%96%D7%95%D7%A7%D7%99,301
https://car2buy.co.il/car-catalog/suzuki-swift/,https://car2buy.co.il/brand.html?brand=%D7%A1%D7%95%D7%96%D7%95%D7%A7%D7%99,301
https://car2buy.co.il/car-catalog/suzuki-vitara-2/,https://car2buy.co.il/brand.html?brand=%D7%A1%D7%95%D7%96%D7%95%D7%A7%D7%99,301
https://car2buy.co.il/car-catalog/suzuki-vitara/,https://car2buy.co.il/brand.html?brand=%D7%A1%D7%95%D7%96%D7%95%D7%A7%D7%99,301
https://car2buy.co.il/car-catalog/suzuky-jimny/,https://car2buy.co.il/brand.html?brand=%D7%A1%D7%95%D7%96%D7%95%D7%A7%D7%99,301
https://car2buy.co.il/car-catalog/t03/,https://car2buy.co.il/models.html,301
https://car2buy.co.il/car-catalog/tesla-model-3-2/,https://car2buy.co.il/brand.html?brand=%D7%98%D7%A1%D7%9C%D7%94,301
https://car2buy.co.il/car-catalog/toyota-aygo-x/,https://car2buy.co.il/brand.html?brand=%D7%98%D7%95%D7%99%D7%95%D7%98%D7%94,301
https://car2buy.co.il/car-catalog/toyota-rav4-hybrid-2/,https://car2buy.co.il/brand.html?brand=%D7%98%D7%95%D7%99%D7%95%D7%98%D7%94,301
https://car2buy.co.il/car-catalog/toyota-rav4-hybrid/,https://car2buy.co.il/brand.html?brand=%D7%98%D7%95%D7%99%D7%95%D7%98%D7%94,301
https://car2buy.co.il/car-catalog/toyotalandcruiser/,https://car2buy.co.il/models.html,301
https://car2buy.co.il/car-catalog/u5/,https://car2buy.co.il/models.html,301
https://car2buy.co.il/car-catalog/volkswage-polo/,https://car2buy.co.il/models.html,301
https://car2buy.co.il/car-catalog/volkswagen-golf/,https://car2buy.co.il/brand.html?brand=%D7%A4%D7%95%D7%9C%D7%A7%D7%A1%D7%95%D7%95%D7%92%D7%9F,301
https://car2buy.co.il/car-catalog/volkswagen-gti/,https://car2buy.co.il/brand.html?brand=%D7%A4%D7%95%D7%9C%D7%A7%D7%A1%D7%95%D7%95%D7%92%D7%9F,301
https://car2buy.co.il/car-catalog/volkswagen-passat/,https://car2buy.co.il/brand.html?brand=%D7%A4%D7%95%D7%9C%D7%A7%D7%A1%D7%95%D7%95%D7%92%D7%9F,301
https://car2buy.co.il/car-catalog/volkswagen-t-cross/,https://car2buy.co.il/brand.html?brand=%D7%A4%D7%95%D7%9C%D7%A7%D7%A1%D7%95%D7%95%D7%92%D7%9F,301
https://car2buy.co.il/car-catalog/volkswagen-tiguan-allspace/,https://car2buy.co.il/brand.html?brand=%D7%A4%D7%95%D7%9C%D7%A7%D7%A1%D7%95%D7%95%D7%92%D7%9F,301
https://car2buy.co.il/car-catalog/volkswagen-tiguan/,https://car2buy.co.il/brand.html?brand=%D7%A4%D7%95%D7%9C%D7%A7%D7%A1%D7%95%D7%95%D7%92%D7%9F,301
https://car2buy.co.il/car-catalog/volvo-cx-40/,https://car2buy.co.il/brand.html?brand=%D7%95%D7%95%D7%9C%D7%95%D7%95,301
https://car2buy.co.il/car-catalog/volvo-cx-60-2/,https://car2buy.co.il/brand.html?brand=%D7%95%D7%95%D7%9C%D7%95%D7%95,301
https://car2buy.co.il/car-catalog/volvo-cx-60/,https://car2buy.co.il/brand.html?brand=%D7%95%D7%95%D7%9C%D7%95%D7%95,301
https://car2buy.co.il/car-catalog/voyah/,https://car2buy.co.il/brands.html,301
https://car2buy.co.il/car-catalog/wey-%d7%a7%d7%95%d7%a4%d7%99-01/,https://car2buy.co.il/brands.html,301
https://car2buy.co.il/car-catalog/wey-%d7%a7%d7%95%d7%a4%d7%99-02/,https://car2buy.co.il/brands.html,301
https://car2buy.co.il/car-catalog/x1/,https://car2buy.co.il/models.html,301
https://car2buy.co.il/car-catalog/x2/,https://car2buy.co.il/models.html,301
https://car2buy.co.il/car-catalog/x3/,https://car2buy.co.il/models.html,301
https://car2buy.co.il/car-catalog/x4/,https://car2buy.co.il/models.html,301
https://car2buy.co.il/car-catalog/xpeng-g6-2/,https://car2buy.co.il/brand.html?brand=%D7%90%D7%A7%D7%A1%D7%A4%D7%A0%D7%92,301
https://car2buy.co.il/car-catalog/xpeng-g6/,https://car2buy.co.il/brand.html?brand=%D7%90%D7%A7%D7%A1%D7%A4%D7%A0%D7%92,301
https://car2buy.co.il/car-catalog/xpeng-g9-2/,https://car2buy.co.il/brand.html?brand=%D7%90%D7%A7%D7%A1%D7%A4%D7%A0%D7%92,301
https://car2buy.co.il/car-catalog/xpeng-g9/,https://car2buy.co.il/brand.html?brand=%D7%90%D7%A7%D7%A1%D7%A4%D7%A0%D7%92,301
https://car2buy.co.il/car-catalog/xpeng-p7/,https://car2buy.co.il/brand.html?brand=%D7%90%D7%A7%D7%A1%D7%A4%D7%A0%D7%92,301
https://car2buy.co.il/car-catalog/z4/,https://car2buy.co.il/models.html,301
https://car2buy.co.il/car-catalog/zs/,https://car2buy.co.il/models.html,301
https://car2buy.co.il/car-insurance/,https://car2buy.co.il/financing.html,301
https://car2buy.co.il/car_type/%d7%92%d7%99%d7%a4%d7%99%d7%9d/,https://car2buy.co.il/models.html,301
https://car2buy.co.il/car_type/%d7%94%d7%90%d7%a6%d7%91%d7%a7/,https://car2buy.co.il/models.html,301
https://car2buy.co.il/car_type/%d7%98%d7%a0%d7%93%d7%a8%d7%99%d7%9d/,https://car2buy.co.il/models.html,301
https://car2buy.co.il/car_type/%d7%99%d7%95%d7%a7%d7%a8%d7%94/,https://car2buy.co.il/models.html,301
https://car2buy.co.il/car_type/%d7%9e%d7%99%d7%a0%d7%99%d7%95%d7%95%d7%90%d7%a0%d7%99%d7%9d/,https://car2buy.co.il/models.html,301
https://car2buy.co.il/car_type/%d7%9e%d7%99%d7%a0%d7%99/,https://car2buy.co.il/models.html,301
https://car2buy.co.il/car_type/%d7%9e%d7%a0%d7%94%d7%9c%d7%99%d7%9d/,https://car2buy.co.il/models.html,301
https://car2buy.co.il/car_type/%d7%9e%d7%a1%d7%97%d7%a8%d7%99%d7%95%d7%aa/,https://car2buy.co.il/models.html,301
https://car2buy.co.il/car_type/%d7%9e%d7%a9%d7%a4%d7%97%d7%aa%d7%99-%d7%a1%d7%98%d7%99%d7%99%d7%a9%d7%9f/,https://car2buy.co.il/models.html,301
https://car2buy.co.il/car_type/%d7%9e%d7%a9%d7%a4%d7%97%d7%aa%d7%99/,https://car2buy.co.il/models.html,301
https://car2buy.co.il/car_type/%d7%a1%d7%93%d7%90%d7%9f-%d7%a7%d7%95%d7%a4%d7%94/,https://car2buy.co.il/models.html,301
https://car2buy.co.il/car_type/%d7%a1%d7%93%d7%90%d7%9f/,https://car2buy.co.il/models.html,301
https://car2buy.co.il/car_type/%d7%a1%d7%95%d7%a4%d7%a8-%d7%9e%d7%99%d7%a0%d7%99/,https://car2buy.co.il/models.html,301
https://car2buy.co.il/car_type/%d7%a1%d7%9c%d7%95%d7%9f/,https://car2buy.co.il/models.html,301
https://car2buy.co.il/car_type/%d7%a1%d7%a4%d7%95%d7%a8%d7%98/,https://car2buy.co.il/models.html,301
https://car2buy.co.il/car_type/%d7%a4%d7%a0%d7%90%d7%99-%d7%91%d7%99%d7%a0%d7%95%d7%a0%d7%99/,https://car2buy.co.il/models.html,301
https://car2buy.co.il/car_type/%d7%a4%d7%a0%d7%90%d7%99-%d7%92%d7%93%d7%95%d7%9c/,https://car2buy.co.il/models.html,301
https://car2buy.co.il/car_type/%d7%a4%d7%a0%d7%90%d7%99-%d7%99%d7%95%d7%a7%d7%a8%d7%aa%d7%99/,https://car2buy.co.il/models.html,301
https://car2buy.co.il/car_type/%d7%a4%d7%a0%d7%90%d7%99-%d7%a7%d7%98%d7%9f/,https://car2buy.co.il/models.html,301
https://car2buy.co.il/car_type/%d7%a4%d7%a0%d7%90%d7%99/,https://car2buy.co.il/models.html,301
https://car2buy.co.il/car_type/%d7%a7%d7%95%d7%a4%d7%94/,https://car2buy.co.il/models.html,301
https://car2buy.co.il/car_type/%d7%a7%d7%a8%d7%95%d7%a1%d7%90%d7%95%d7%91%d7%a8/,https://car2buy.co.il/models.html,301
https://car2buy.co.il/car_type/%d7%a8%d7%9b%d7%91%d7%99-%d7%98%d7%a8%d7%99%d7%99%d7%93-%d7%90%d7%99%d7%9f/,https://car2buy.co.il/trade-in.html,301
https://car2buy.co.il/car_type/%d7%a9%d7%98%d7%97/,https://car2buy.co.il/models.html,301
https://car2buy.co.il/car_type/7-seat/,https://car2buy.co.il/models.html,301
https://car2buy.co.il/car_type/ev/,https://car2buy.co.il/models.html,301
https://car2buy.co.il/car_type/hybrid/,https://car2buy.co.il/models.html,301
https://car2buy.co.il/cars_manufacturer/%d7%90%d7%95%d7%a8%d7%94/,https://car2buy.co.il/brands.html,301
https://car2buy.co.il/cars_manufacturer/%d7%92%d7%99%d7%9c%d7%99/,https://car2buy.co.il/brand.html?brand=%D7%92%D7%B3%D7%99%D7%9C%D7%99,301
https://car2buy.co.il/cars_manufacturer/%d7%92%d7%a0%d7%a1%d7%99%d7%a1/,https://car2buy.co.il/brand.html?brand=%D7%92%D7%B3%D7%A0%D7%A1%D7%99%D7%A1,301
https://car2buy.co.il/cars_manufacturer/%d7%93%d7%95%d7%a0%d7%92%d7%a4%d7%a0%d7%92/,https://car2buy.co.il/brands.html,301
https://car2buy.co.il/cars_manufacturer/%d7%94%d7%95%d7%a0%d7%92%d7%a6%d7%99/,https://car2buy.co.il/brands.html,301
https://car2buy.co.il/cars_manufacturer/%d7%9c%d7%99%d7%a0%d7%a7-%d7%90%d7%a0%d7%93-%d7%a7%d7%95/,https://car2buy.co.il/brands.html,301
https://car2buy.co.il/cars_manufacturer/%d7%9c%d7%99%d7%a4-%d7%9e%d7%95%d7%98%d7%95%d7%a8/,https://car2buy.co.il/brand.html?brand=%D7%9C%D7%99%D7%A4%D7%9E%D7%95%D7%98%D7%95%D7%A8,301
https://car2buy.co.il/cars_manufacturer/%d7%a0%d7%99%d7%95/,https://car2buy.co.il/brands.html,301
https://car2buy.co.il/cars_manufacturer/%d7%a1%d7%9e%d7%90%d7%a8%d7%98/,https://car2buy.co.il/brand.html?brand=%D7%A1%D7%9E%D7%90%D7%A8%D7%98,301
https://car2buy.co.il/cars_manufacturer/%d7%a1%d7%a8%d7%a1/,https://car2buy.co.il/brands.html,301
https://car2buy.co.il/cars_manufacturer/%d7%a6%d7%a8%d7%99/,https://car2buy.co.il/brand.html?brand=%D7%A6%D7%B3%D7%A8%D7%99,301
https://car2buy.co.il/cars_manufacturer/aiways/,https://car2buy.co.il/brand.html?brand=%D7%90%D7%95%D7%98%D7%90%D7%A8,301
https://car2buy.co.il/cars_manufacturer/audi/,https://car2buy.co.il/brand.html?brand=%D7%90%D7%90%D7%95%D7%93%D7%99,301
https://car2buy.co.il/cars_manufacturer/bmw/,https://car2buy.co.il/brand.html?brand=%D7%91.%D7%9E.%D7%95%D7%95,301
https://car2buy.co.il/cars_manufacturer/byd-%d7%91%d7%99-%d7%95%d7%95%d7%99-%d7%93%d7%99/,https://car2buy.co.il/brand.html?brand=%D7%91.%D7%99.%D7%93,301
https://car2buy.co.il/cars_manufacturer/changan/,https://car2buy.co.il/brand.html?brand=%D7%A6%D7%B3%D7%90%D7%A0%D7%92%D7%90%D7%9F,301
https://car2buy.co.il/cars_manufacturer/chevrolet/,https://car2buy.co.il/brand.html?brand=%D7%A9%D7%91%D7%A8%D7%95%D7%9C%D7%98,301
https://car2buy.co.il/cars_manufacturer/citroen/,https://car2buy.co.il/brand.html?brand=%D7%A1%D7%99%D7%98%D7%A8%D7%95%D7%90%D7%9F,301
https://car2buy.co.il/cars_manufacturer/cupra/,https://car2buy.co.il/brand.html?brand=%D7%A7%D7%95%D7%A4%D7%A8%D7%94,301
https://car2buy.co.il/cars_manufacturer/dacia/,https://car2buy.co.il/brand.html?brand=%D7%93%D7%90%D7%A6%D7%B3%D7%99%D7%94,301
https://car2buy.co.il/cars_manufacturer/forthing/,https://car2buy.co.il/brands.html,301
https://car2buy.co.il/cars_manufacturer/honda/,https://car2buy.co.il/brand.html?brand=%D7%94%D7%95%D7%A0%D7%93%D7%94,301
https://car2buy.co.il/cars_manufacturer/hyundai/,https://car2buy.co.il/brand.html?brand=%D7%99%D7%95%D7%A0%D7%93%D7%90%D7%99,301
https://car2buy.co.il/cars_manufacturer/infinity/,https://car2buy.co.il/brands.html,301
https://car2buy.co.il/cars_manufacturer/isuzu/,https://car2buy.co.il/brand.html?brand=%D7%90%D7%99%D7%A1%D7%95%D7%96%D7%95,301
https://car2buy.co.il/cars_manufacturer/jaeco/,https://car2buy.co.il/brand.html?brand=%D7%92%D7%B3%D7%90%D7%A7%D7%95,301
https://car2buy.co.il/cars_manufacturer/jeep/,https://car2buy.co.il/brand.html?brand=%D7%92%D7%B3%D7%99%D7%A4,301
https://car2buy.co.il/cars_manufacturer/kgm/,https://car2buy.co.il/brand.html?brand=%D7%A7%D7%99%D7%99%D7%92%D7%99%D7%90%D7%9D,301
https://car2buy.co.il/cars_manufacturer/kia/,https://car2buy.co.il/brand.html?brand=%D7%A7%D7%99%D7%94,301
https://car2buy.co.il/cars_manufacturer/mercedes/,https://car2buy.co.il/brands.html,301
https://car2buy.co.il/cars_manufacturer/mg/,https://car2buy.co.il/brand.html?brand=MG,301
https://car2buy.co.il/cars_manufacturer/mini/,https://car2buy.co.il/brand.html?brand=%D7%9E%D7%99%D7%A0%D7%99,301
https://car2buy.co.il/cars_manufacturer/mitsubishi/,https://car2buy.co.il/brand.html?brand=%D7%9E%D7%99%D7%A6%D7%95%D7%91%D7%99%D7%A9%D7%99,301
https://car2buy.co.il/cars_manufacturer/nissan/,https://car2buy.co.il/brand.html?brand=%D7%A0%D7%99%D7%A1%D7%90%D7%9F,301
https://car2buy.co.il/cars_manufacturer/peugeot/,https://car2buy.co.il/brand.html?brand=%D7%A4%D7%99%D7%92%D7%B3%D7%95,301
https://car2buy.co.il/cars_manufacturer/ram/,https://car2buy.co.il/brand.html?brand=%D7%A8%D7%90%D7%9D,301
https://car2buy.co.il/cars_manufacturer/saic-mg/,https://car2buy.co.il/brand.html?brand=%D7%90%D7%9E.%D7%92,301
https://car2buy.co.il/cars_manufacturer/seat/,https://car2buy.co.il/brand.html?brand=%D7%A1%D7%99%D7%90%D7%98,301
https://car2buy.co.il/cars_manufacturer/seres/,https://car2buy.co.il/brands.html,301
https://car2buy.co.il/cars_manufacturer/skoda/,https://car2buy.co.il/brand.html?brand=%D7%A1%D7%A7%D7%95%D7%93%D7%94,301
https://car2buy.co.il/cars_manufacturer/skywell/,https://car2buy.co.il/brands.html,301
https://car2buy.co.il/cars_manufacturer/subaru/,https://car2buy.co.il/brand.html?brand=%D7%A1%D7%95%D7%91%D7%90%D7%A8%D7%95,301
https://car2buy.co.il/cars_manufacturer/suzuky/,https://car2buy.co.il/brand.html?brand=%D7%A1%D7%95%D7%96%D7%95%D7%A7%D7%99,301
https://car2buy.co.il/cars_manufacturer/tesla/,https://car2buy.co.il/brand.html?brand=%D7%98%D7%A1%D7%9C%D7%94,301
https://car2buy.co.il/cars_manufacturer/toyota/,https://car2buy.co.il/brand.html?brand=%D7%98%D7%95%D7%99%D7%95%D7%98%D7%94,301
https://car2buy.co.il/cars_manufacturer/volkswagen/,https://car2buy.co.il/brand.html?brand=%D7%A4%D7%95%D7%9C%D7%A7%D7%A1%D7%95%D7%95%D7%92%D7%9F,301
https://car2buy.co.il/cars_manufacturer/volvo/,https://car2buy.co.il/brand.html?brand=%D7%95%D7%95%D7%9C%D7%95%D7%95,301
https://car2buy.co.il/cars_manufacturer/voyah/,https://car2buy.co.il/brands.html,301
https://car2buy.co.il/cars_manufacturer/wey/,https://car2buy.co.il/brands.html,301
https://car2buy.co.il/cars_manufacturer/xpeng/,https://car2buy.co.il/brand.html?brand=%D7%90%D7%A7%D7%A1%D7%A4%D7%A0%D7%92,301
https://car2buy.co.il/cars_manufacturer/zeeker/,https://car2buy.co.il/brand.html?brand=%D7%96%D7%99%D7%A7%D7%A8,301
https://car2buy.co.il/category/%d7%9e%d7%99%d7%9e%d7%95%d7%9f-%d7%9c%d7%a8%d7%9b%d7%91/,https://car2buy.co.il/car-loan.html,301
https://car2buy.co.il/category/uncategorized/,https://car2buy.co.il/magazine.html,301
https://car2buy.co.il/chery-fx-ev-2/,https://car2buy.co.il/brand.html?brand=%D7%A6'%D7%A8%D7%99,301
https://car2buy.co.il/chery-fx-ev-rishon/,https://car2buy.co.il/brand.html?brand=%D7%A6'%D7%A8%D7%99,301
https://car2buy.co.il/chery-fx-ev/,https://car2buy.co.il/brand.html?brand=%D7%A6'%D7%A8%D7%99,301
https://car2buy.co.il/chery-fx/,https://car2buy.co.il/brand.html?brand=%D7%A6'%D7%A8%D7%99,301
https://car2buy.co.il/chery-tiggo-4-pro-rishon/,https://car2buy.co.il/brand.html?brand=%D7%A6'%D7%A8%D7%99,301
https://car2buy.co.il/chery-tiggo-4-pro/,https://car2buy.co.il/brand.html?brand=%D7%A6'%D7%A8%D7%99,301
https://car2buy.co.il/chery-tiggo-7-pro-8-pro-fx/,https://car2buy.co.il/brand.html?brand=%D7%A6'%D7%A8%D7%99,301
https://car2buy.co.il/chery-tiggo-7-pro/,https://car2buy.co.il/lp-chery-tiggo7.html,301
https://car2buy.co.il/chery-tiggo-8-pro-phev/,https://car2buy.co.il/brand.html?brand=%D7%A6'%D7%A8%D7%99,301
https://car2buy.co.il/chery-tiggo-8-pro/,https://car2buy.co.il/brand.html?brand=%D7%A6'%D7%A8%D7%99,301
https://car2buy.co.il/chevrolet-silverado/,https://car2buy.co.il/brand.html?brand=%D7%A9%D7%91%D7%A8%D7%95%D7%9C%D7%98,301
https://car2buy.co.il/contact/,https://car2buy.co.il/contact.html,301
https://car2buy.co.il/cupra-formentor-2/,https://car2buy.co.il/brand.html?brand=%D7%A7%D7%95%D7%A4%D7%A8%D7%94,301
https://car2buy.co.il/cupra-formentor/,https://car2buy.co.il/brand.html?brand=%D7%A7%D7%95%D7%A4%D7%A8%D7%94,301
https://car2buy.co.il/cupra-leon/,https://car2buy.co.il/brand.html?brand=%D7%A7%D7%95%D7%A4%D7%A8%D7%94,301
https://car2buy.co.il/cupra-tavascan-rishon/,https://car2buy.co.il/brand.html?brand=%D7%A7%D7%95%D7%A4%D7%A8%D7%94,301
https://car2buy.co.il/cupra-tavascan/,https://car2buy.co.il/brand.html?brand=%D7%A7%D7%95%D7%A4%D7%A8%D7%94,301
https://car2buy.co.il/cust-testa/,https://car2buy.co.il/customers.html,301
https://car2buy.co.il/cust-testa/%d7%93%d7%a0%d7%99%d7%aa/,https://car2buy.co.il/customers.html,301
https://car2buy.co.il/cust-testa/%d7%a0%d7%95%d7%a8%d7%99%d7%aa/,https://car2buy.co.il/customers.html,301
https://car2buy.co.il/cust-testa/%d7%a8%d7%95%d7%a2%d7%99/,https://car2buy.co.il/customers.html,301
https://car2buy.co.il/deepal-s07/,https://car2buy.co.il/models.html,301
https://car2buy.co.il/dongfeng-box/,https://car2buy.co.il/brands.html,301
https://car2buy.co.il/e-deliver-3-maxus/,https://car2buy.co.il/brands.html,301
https://car2buy.co.il/electric_cars-2/,https://car2buy.co.il/finance-electric.html,301
https://car2buy.co.il/electric_cars/,https://car2buy.co.il/finance-electric.html,301
https://car2buy.co.il/electric_cars2/,https://car2buy.co.il/finance-electric.html,301
https://car2buy.co.il/friday-forthing-rishon/,https://car2buy.co.il/brands.html,301
https://car2buy.co.il/friday-forthing/,https://car2buy.co.il/brands.html,301
https://car2buy.co.il/geely-geometry-c-2/,https://car2buy.co.il/brand.html?brand=%D7%92%D7%B3%D7%99%D7%9C%D7%99,301
https://car2buy.co.il/geely-geometry-c/,https://car2buy.co.il/brand.html?brand=%D7%92%D7%B3%D7%99%D7%9C%D7%99,301
https://car2buy.co.il/genesis-gv70/,https://car2buy.co.il/brand.html?brand=%D7%92%D7%B3%D7%A0%D7%A1%D7%99%D7%A1,301
https://car2buy.co.il/hongqi-e-hs9/,https://car2buy.co.il/brands.html,301
https://car2buy.co.il/how-it-work/,https://car2buy.co.il/how-it-works.html,301
https://car2buy.co.il/hyundai-ioniq5/,https://car2buy.co.il/brand.html?brand=%D7%99%D7%95%D7%A0%D7%93%D7%90%D7%99,301
https://car2buy.co.il/hyundai-kona-rishon/,https://car2buy.co.il/brand.html?brand=%D7%99%D7%95%D7%A0%D7%93%D7%90%D7%99,301
https://car2buy.co.il/hyundai-kona/,https://car2buy.co.il/brand.html?brand=%D7%99%D7%95%D7%A0%D7%93%D7%90%D7%99,301
https://car2buy.co.il/hyundai-tucson/,https://car2buy.co.il/lp-hyundai-tucson.html,301
https://car2buy.co.il/hyundai-yoscan/,https://car2buy.co.il/brand.html?brand=%D7%99%D7%95%D7%A0%D7%93%D7%90%D7%99,301
https://car2buy.co.il/ioniq-5-2/,https://car2buy.co.il/models.html,301
https://car2buy.co.il/ioniq-5/,https://car2buy.co.il/models.html,301
https://car2buy.co.il/ioniq-6-2/,https://car2buy.co.il/models.html,301
https://car2buy.co.il/ioniq-6/,https://car2buy.co.il/models.html,301
https://car2buy.co.il/jaecoo7-rishon/,https://car2buy.co.il/models.html,301
https://car2buy.co.il/jaecoo7/,https://car2buy.co.il/models.html,301
https://car2buy.co.il/jeep-wrangler/,https://car2buy.co.il/brand.html?brand=%D7%92%D7%B3%D7%99%D7%A4,301
https://car2buy.co.il/kia-ev6-2/,https://car2buy.co.il/brand.html?brand=%D7%A7%D7%99%D7%94,301
https://car2buy.co.il/kia-ev6/,https://car2buy.co.il/brand.html?brand=%D7%A7%D7%99%D7%94,301
https://car2buy.co.il/kia-niro-2/,https://car2buy.co.il/lp-kia-niro.html,301
https://car2buy.co.il/kia-niro/,https://car2buy.co.il/brand.html?brand=%D7%A7%D7%99%D7%94,301
https://car2buy.co.il/land-cruiser-2025/,https://car2buy.co.il/models.html,301
https://car2buy.co.il/lead-thanks/,https://car2buy.co.il/thank-you.html,301
https://car2buy.co.il/leap-motor-to3/,https://car2buy.co.il/lp-leapmotor-c10.html,301
https://car2buy.co.il/leapmotor-c10-rishon/,https://car2buy.co.il/brand.html?brand=%D7%9C%D7%99%D7%A4%D7%9E%D7%95%D7%98%D7%95%D7%A8,301
https://car2buy.co.il/leapmotor-c10/,https://car2buy.co.il/brand.html?brand=%D7%9C%D7%99%D7%A4%D7%9E%D7%95%D7%98%D7%95%D7%A8,301
https://car2buy.co.il/maxus-euniq-5/,https://car2buy.co.il/brands.html,301
https://car2buy.co.il/maxus-euniq-6/,https://car2buy.co.il/brands.html,301
https://car2buy.co.il/mazda-cx5-white/,https://car2buy.co.il/brand.html?brand=%D7%9E%D7%90%D7%96%D7%93%D7%94,301
https://car2buy.co.il/mercedes-eqb-2/,https://car2buy.co.il/brands.html,301
https://car2buy.co.il/mg4-2/,https://car2buy.co.il/models.html,301
https://car2buy.co.il/mg4-rishon/,https://car2buy.co.il/models.html,301
https://car2buy.co.il/mg4-x/,https://car2buy.co.il/models.html,301
https://car2buy.co.il/mg4/,https://car2buy.co.il/lp-mg3.html,301
https://car2buy.co.il/new-geely-geometry-c/,https://car2buy.co.il/brand.html?brand=%D7%92'%D7%99%D7%9C%D7%99,301
https://car2buy.co.il/new-tesla-3-2023-2/,https://car2buy.co.il/brand.html?brand=%D7%98%D7%A1%D7%9C%D7%94,301
https://car2buy.co.il/new-tesla-3-2023-3/,https://car2buy.co.il/brand.html?brand=%D7%98%D7%A1%D7%9C%D7%94,301
https://car2buy.co.il/new-tesla-3-2023/,https://car2buy.co.il/brand.html?brand=%D7%98%D7%A1%D7%9C%D7%94,301
https://car2buy.co.il/new-tesla-3-rishon/,https://car2buy.co.il/brand.html?brand=%D7%98%D7%A1%D7%9C%D7%94,301
https://car2buy.co.il/new-zs-ev/,https://car2buy.co.il/lp-mg-zs.html,301
https://car2buy.co.il/pollution_car/1/,https://car2buy.co.il/models.html,301
https://car2buy.co.il/pollution_car/10/,https://car2buy.co.il/models.html,301
https://car2buy.co.il/pollution_car/11/,https://car2buy.co.il/models.html,301
https://car2buy.co.il/pollution_car/12/,https://car2buy.co.il/models.html,301
https://car2buy.co.il/pollution_car/13/,https://car2buy.co.il/models.html,301
https://car2buy.co.il/pollution_car/14/,https://car2buy.co.il/models.html,301
https://car2buy.co.il/pollution_car/15/,https://car2buy.co.il/models.html,301
https://car2buy.co.il/pollution_car/2/,https://car2buy.co.il/models.html,301
https://car2buy.co.il/pollution_car/3/,https://car2buy.co.il/models.html,301
https://car2buy.co.il/pollution_car/4/,https://car2buy.co.il/models.html,301
https://car2buy.co.il/pollution_car/5/,https://car2buy.co.il/models.html,301
https://car2buy.co.il/pollution_car/6/,https://car2buy.co.il/models.html,301
https://car2buy.co.il/pollution_car/7/,https://car2buy.co.il/models.html,301
https://car2buy.co.il/pollution_car/8/,https://car2buy.co.il/models.html,301
https://car2buy.co.il/pollution_car/9/,https://car2buy.co.il/models.html,301
https://car2buy.co.il/privacy-policy/,https://car2buy.co.il/privacy.html,301
https://car2buy.co.il/safety/0/,https://car2buy.co.il/models.html,301
https://car2buy.co.il/safety/1/,https://car2buy.co.il/models.html,301
https://car2buy.co.il/safety/2/,https://car2buy.co.il/models.html,301
https://car2buy.co.il/safety/3/,https://car2buy.co.il/models.html,301
https://car2buy.co.il/safety/4/,https://car2buy.co.il/models.html,301
https://car2buy.co.il/safety/5/,https://car2buy.co.il/models.html,301
https://car2buy.co.il/safety/6/,https://car2buy.co.il/models.html,301
https://car2buy.co.il/safety/7/,https://car2buy.co.il/models.html,301
https://car2buy.co.il/safety/8/,https://car2buy.co.il/models.html,301
https://car2buy.co.il/seres-5-2/,https://car2buy.co.il/brands.html,301
https://car2buy.co.il/seres-5/,https://car2buy.co.il/brands.html,301
https://car2buy.co.il/silverado-ev-rishon/,https://car2buy.co.il/models.html,301
https://car2buy.co.il/silverado-ev/,https://car2buy.co.il/models.html,301
https://car2buy.co.il/skoda-enyaq-coupe/,https://car2buy.co.il/lp-skoda-superb.html,301
https://car2buy.co.il/skoda-octavia-silver/,https://car2buy.co.il/brand.html?brand=%D7%A1%D7%A7%D7%95%D7%93%D7%94,301
https://car2buy.co.il/skoda-superb/,https://car2buy.co.il/lp-skoda-superb.html,301
https://car2buy.co.il/skywell-et5-2/,https://car2buy.co.il/brands.html,301
https://car2buy.co.il/skywell-et5-3/,https://car2buy.co.il/brands.html,301
https://car2buy.co.il/skywell-et5/,https://car2buy.co.il/brands.html,301
https://car2buy.co.il/social-media-leads/,https://car2buy.co.il/models.html,301
https://car2buy.co.il/suzuki-jimny/,https://car2buy.co.il/brand.html?brand=%D7%A1%D7%95%D7%96%D7%95%D7%A7%D7%99,301
https://car2buy.co.il/t%e2%80%91roc-cabriolet-volkswagen/,https://car2buy.co.il/brand.html?brand=%D7%A4%D7%95%D7%9C%D7%A7%D7%A1%D7%95%D7%95%D7%92%D7%9F,301
https://car2buy.co.il/tesla-3-and-tesla-y/,https://car2buy.co.il/brand.html?brand=%D7%98%D7%A1%D7%9C%D7%94,301
https://car2buy.co.il/tesla-model3-review/,https://car2buy.co.il/brand.html?brand=%D7%98%D7%A1%D7%9C%D7%94,301
https://car2buy.co.il/tesla-thanks/,https://car2buy.co.il/thank-you.html,301
https://car2buy.co.il/tesla-y-2/,https://car2buy.co.il/brand.html?brand=%D7%98%D7%A1%D7%9C%D7%94,301
https://car2buy.co.il/tesla-y-rishon/,https://car2buy.co.il/brand.html?brand=%D7%98%D7%A1%D7%9C%D7%94,301
https://car2buy.co.il/tesla-y/,https://car2buy.co.il/brand.html?brand=%D7%98%D7%A1%D7%9C%D7%94,301
https://car2buy.co.il/testimonies/,https://car2buy.co.il/testimonials.html,301
https://car2buy.co.il/thanks/,https://car2buy.co.il/thank-you.html,301
https://car2buy.co.il/toyota-aygo-x/,https://car2buy.co.il/brand.html?brand=%D7%98%D7%95%D7%99%D7%95%D7%98%D7%94,301
https://car2buy.co.il/toyota-camry/,https://car2buy.co.il/brand.html?brand=%D7%98%D7%95%D7%99%D7%95%D7%98%D7%94,301
https://car2buy.co.il/toyota-corolla-cross-hybrid/,https://car2buy.co.il/brand.html?brand=%D7%98%D7%95%D7%99%D7%95%D7%98%D7%94,301
https://car2buy.co.il/toyota-hilux/,https://car2buy.co.il/brand.html?brand=%D7%98%D7%95%D7%99%D7%95%D7%98%D7%94,301
https://car2buy.co.il/toyota-land-cruiser/,https://car2buy.co.il/brand.html?brand=%D7%98%D7%95%D7%99%D7%95%D7%98%D7%94,301
https://car2buy.co.il/trade-in-2/,https://car2buy.co.il/trade-in.html,301
https://car2buy.co.il/trade-in-audi-q5/,https://car2buy.co.il/trade-in.html,301
https://car2buy.co.il/trade-in-geely-geomtry-c/,https://car2buy.co.il/trade-in.html,301
https://car2buy.co.il/trade-in-gle/,https://car2buy.co.il/trade-in.html,301
https://car2buy.co.il/trade-in-kia-picanto/,https://car2buy.co.il/trade-in.html,301
https://car2buy.co.il/trade-in-mercedes-c300/,https://car2buy.co.il/trade-in.html,301
https://car2buy.co.il/trade-in-skoda-octavia/,https://car2buy.co.il/trade-in.html,301
https://car2buy.co.il/trade-in-skoda/,https://car2buy.co.il/trade-in.html,301
https://car2buy.co.il/trade-in-tesla-modely/,https://car2buy.co.il/trade-in.html,301
https://car2buy.co.il/trade-in/,https://car2buy.co.il/trade-in.html,301
https://car2buy.co.il/tradein-skoda-superb/,https://car2buy.co.il/brand.html?brand=%D7%A1%D7%A7%D7%95%D7%93%D7%94,301
https://car2buy.co.il/tradein-toyota-corolla/,https://car2buy.co.il/brand.html?brand=%D7%98%D7%95%D7%99%D7%95%D7%98%D7%94,301
https://car2buy.co.il/trucks-and-vans/,https://car2buy.co.il/yad2.html,301
https://car2buy.co.il/trucks-and-vans2/,https://car2buy.co.il/yad2.html,301
https://car2buy.co.il/volvo-ex30-2/,https://car2buy.co.il/brand.html?brand=%D7%95%D7%95%D7%9C%D7%95%D7%95,301
https://car2buy.co.il/volvo-ex30-rishon/,https://car2buy.co.il/brand.html?brand=%D7%95%D7%95%D7%9C%D7%95%D7%95,301
https://car2buy.co.il/volvo-ex30/,https://car2buy.co.il/brand.html?brand=%D7%95%D7%95%D7%9C%D7%95%D7%95,301
https://car2buy.co.il/xpeng-g6-rishon/,https://car2buy.co.il/brand.html?brand=%D7%90%D7%A7%D7%A1%D7%A4%D7%A0%D7%92,301
https://car2buy.co.il/xpeng-g6/,https://car2buy.co.il/brand.html?brand=%D7%90%D7%A7%D7%A1%D7%A4%D7%A0%D7%92,301
https://car2buy.co.il/xpeng-g9-2/,https://car2buy.co.il/brand.html?brand=%D7%90%D7%A7%D7%A1%D7%A4%D7%A0%D7%92,301
https://car2buy.co.il/xpeng-g9-3/,https://car2buy.co.il/brand.html?brand=%D7%90%D7%A7%D7%A1%D7%A4%D7%A0%D7%92,301
https://car2buy.co.il/xpeng-g9-rishon/,https://car2buy.co.il/brand.html?brand=%D7%90%D7%A7%D7%A1%D7%A4%D7%A0%D7%92,301
https://car2buy.co.il/xpeng-g9/,https://car2buy.co.il/brand.html?brand=%D7%90%D7%A7%D7%A1%D7%A4%D7%A0%D7%92,301
https://car2buy.co.il/xpeng-p7-2/,https://car2buy.co.il/brand.html?brand=%D7%90%D7%A7%D7%A1%D7%A4%D7%A0%D7%92,301
https://car2buy.co.il/xpeng-p7-rishon/,https://car2buy.co.il/brand.html?brand=%D7%90%D7%A7%D7%A1%D7%A4%D7%A0%D7%92,301
https://car2buy.co.il/xpeng-p7/,https://car2buy.co.il/brand.html?brand=%D7%90%D7%A7%D7%A1%D7%A4%D7%A0%D7%92,301
https://car2buy.co.il/zeekr-001-rishon/,https://car2buy.co.il/brand.html?brand=%D7%96%D7%99%D7%A7%D7%A8,301
https://car2buy.co.il/zeekr-001/,https://car2buy.co.il/brand.html?brand=%D7%96%D7%99%D7%A7%D7%A8,301
https://car2buy.co.il/zeekrx-rishon/,https://car2buy.co.il/models.html,301
https://car2buy.co.il/zeekrx/,https://car2buy.co.il/models.html,301
